name,department,img_url,tcin,upc,dpci,quantity,salesfloor_quantity,capacity,case_size,price
Chobani Cookie Butter Coffee Creamer - 24 fl oz,Dairy,https://target.scene7.com/is/image/Target/GUEST_3e80d1b8-986c-4950-9848-9293c4dcc63d?wid=1200&hei=1200&qlt=80,94646081,818290015846,284-05-7230,25,11,12,6,5.99
Once Upon a Farm Apple and Oat Snack Bars - 9.6oz/8ct,Dry Grocery,https://target.scene7.com/is/image/Target/GUEST_02b7d74e-27b5-4a3f-ae46-d9ac08cc981f?wid=1200&hei=1200&qlt=80,94497155,810003512741,071-20-0668,22,9,10,4,9.99
Stonyfield Organic YoBaby Banana & Oat Whole Milk Yogurt - 4ct/3.4oz Pouches: Organic Certified Gluten-Free,Dairy,https://target.scene7.com/is/image/Target/GUEST_44c630a7-d32f-4236-a1c3-e748af9ddcfe?wid=1200&hei=1200&qlt=80,80856401,052159704742,284-10-0653,12,3,7,6,9.99
Once Upon a Farm Snack Bars Banana Choc Chip Oat - 9.6oz/8ct,Dry Grocery,https://target.scene7.com/is/image/Target/GUEST_c2ffeab0-46da-4dad-88d9-7bf6c10b2fb9?wid=1200&hei=1200&qlt=80,94497156,810003512819,071-20-0669,8,0,10,4,9.99
Nature Valley Kids Layered Protein S'mores Snack Bars - 6.75oz/5ct,Dry Grocery,https://target.scene7.com/is/image/Target/GUEST_bb33eda7-3c5c-4d24-8e34-ca8e5352db04?wid=1200&hei=1200&qlt=80,1006114392,016000235427,071-20-2129,43,7,10,12,3.69
Drizzilicious Strawberry Chocolatey Drizzled Mini Rice Cake - 4oz,Dry Grocery,https://target.scene7.com/is/image/Target/GUEST_bc305ea9-8034-47be-bda9-8061505cdf65?wid=1200&hei=1200&qlt=80,95049010,850061874450,071-08-1356,40,14,18,6,3.79
Snickers Twix Milky Way & 3 Musketeers Minis Chocolate Candy Bars - 19.49oz Bulk Bag,Dry Grocery,https://target.scene7.com/is/image/Target/GUEST_fbc06d90-731d-4099-b630-b5264efca164?wid=1200&hei=1200&qlt=80,90037521,040000598480,055-02-0813,8,3,12,8,10.29
MrBeast Feastables Multipack Milk Chocolate - 5ct/175g,Dry Grocery,https://target.scene7.com/is/image/Target/GUEST_61481e86-b109-4e33-bc65-c136783dc734?wid=1200&hei=1200&qlt=80,90009335,850050238355,055-02-0691,114,43,50,24,6.39
KiZE Brownie Batter Gluten Free Energy Protein Bar - 10g Protein - 8oz/5ct,Dry Grocery,https://target.scene7.com/is/image/Target/GUEST_bebeb1a8-e255-4fa0-80ea-565a0fd20a7b?wid=1200&hei=1200&qlt=80,94971119,854198004971,071-20-1966,16,7,8,6,8.19
Quaker Chocolate Pretzel Protein Bars - 10g Protein - 7oz/5ct,Dry Grocery,https://target.scene7.com/is/image/Target/GUEST_4a33dd72-56ec-49d2-9e15-df9ea78bfd1f?wid=1200&hei=1200&qlt=80,94913543,030000581001,071-20-1242,11,1,18,12,4.99
Oreo Chocolate Sandwich Cookies Snack Pack - 15.9oz/10ct,Dry Grocery,https://target.scene7.com/is/image/Target/GUEST_ef9216ff-4fba-4884-abec-7a80e944ed04?wid=1200&hei=1200&qlt=80,92270449,044000078379,071-09-1907,61,8,40,12,6.19
Purely Elizabeth Vanilla Choc Chip Ancient Grain Granola - 10oz,Dry Grocery,https://target.scene7.com/is/image/Target/GUEST_ad2e290a-128c-43fe-8475-92afe764cb48?wid=1200&hei=1200&qlt=80,81870854,810589031247,231-13-0540,6,2,8,6,5.99
Purely Elizabeth Chocolate Sea Salt Probiotic Granola - 8oz,Dry Grocery,https://target.scene7.com/is/image/Target/GUEST_425aa029-bc00-4e3a-b22f-47390fd4aa23?wid=1200&hei=1200&qlt=80,53360969,855140002687,231-13-0493,22,5,8,6,6.39
MAGIC SPOON Dark Chocolate Almond Protein Granola - 8oz: No Certified Synthetic Colors,Dry Grocery,https://target.scene7.com/is/image/Target/GUEST_690404c2-53ff-45ec-bada-5f9d64abb0f3?wid=1200&hei=1200&qlt=80,92892547,810104461412,231-13-0854,10,6,8,6,8.99
Honest Kids Organic Apple Juice Drink - 8pk/6 fl oz Box,Dry Grocery,https://target.scene7.com/is/image/Target/GUEST_c0b6e784-677f-4ed0-9c27-c040c8d76032?wid=1200&hei=1200&qlt=80,52270091,657622011855,203-16-0183,47,10,20,5,4.29
Honest Kids Goodness Grapeness Organic Juice Drink - 8pk/6 fl oz Boxes,Dry Grocery,https://target.scene7.com/is/image/Target/GUEST_801f1077-3bc5-4c7e-9146-bc6c3f1c68d9?wid=800&hei=800&qlt=80,89960541,657622741370,203-16-0095,15,0,20,5,4.29
Honest Kids Organic Fruit Punch Juice Drink - 8pk/6 fl oz Boxes,Dry Grocery,https://target.scene7.com/is/image/Target/GUEST_02a5e402-323a-42a0-944f-6458b2844e48?wid=800&hei=800&qlt=80,52270196,657622011848,203-16-0211,8,0,10,5,4.29
RYZE Caramel Mushroom Coffee Latte sticks - 2.3oz/5ct,Dry Grocery,https://target.scene7.com/is/image/Target/GUEST_5d1a2040-5175-4d17-9d31-edbb3c2b34a0?wid=800&hei=800&qlt=80,94825535,850031261518,231-10-1807,27,8,11,6,9.99
Allwello Mango Power Organic Cold Pressed Juice - 32 fl oz,Dry Grocery,https://target.scene7.com/is/image/Target/GUEST_c569c5e8-c428-45d9-9487-fff35ac5f9a0?wid=800&hei=800&qlt=80,95075933,198168361283,203-14-0863,11,9,12,6,8.99
Sea Salt Veggie Straws Potato & Vegetable Snack Multipack - 12ct/.75oz - Good & Gather,Dry Grocery,https://target.scene7.com/is/image/Target/GUEST_e0fbcd99-1385-48c4-b388-fe784663bb93?wid=800&hei=800&qlt=80,87477518,085239993354,071-06-1371,26,4,8,6,7.39
Auntie Anne's Classic All Beef Pretzel Dogs - 4ct/16oz,Frozen,https://target.scene7.com/is/image/Target/GUEST_e89d6c07-6261-491f-9584-9aa980281d1c?wid=800&hei=800&qlt=80,15440523,895072000399,270-06-0207,44,2,18,6,7.99
State Fair 12ct Beef Corn Dog,Frozen,https://target.scene7.com/is/image/Target/GUEST_6a17660d-90d0-478f-b03f-2b09f9e09a95?wid=800&hei=800&qlt=80,95292084,071068461461,210-02-0185,11,1,20,12,10.49
Tyson All Natural White Meat Fun Nuggets - Frozen - 29oz,Meat,https://target.scene7.com/is/image/Target/GUEST_c0812775-f482-4922-9b68-e7c5c4424cf7?wid=800&hei=800&qlt=80,14777824,023700014528,210-05-0052,94,25,54,20,6.99
Organic Valley Grassmilk Grassfed Organic Whole Milk - 59 fl oz,Dairy,https://target.scene7.com/is/image/Target/GUEST_e3893a2f-605b-4bd7-9a82-89809b45aad0?wid=1200&hei=1200&qlt=80,91536134,093966009989,284-06-4740,35,2,12,6,6.99
Jubilee's Banana Cream Flavored Milk - 8 fl oz,Dairy,https://target.scene7.com/is/image/Target/GUEST_68aa9236-2f03-46fd-b46d-5449c16648c8?wid=1200&hei=1200&qlt=80,95080470,860012311903,286-02-0065,28,3,12,12,3.49
Califia Farms Oat Barista Blend Oat Milk - 1qt: Vegan Gluten-Free,Dairy,https://target.scene7.com/is/image/Target/GUEST_a4a73373-be8d-4583-ae79-7ab1e99c3702?wid=1200&hei=1200&qlt=80,54357599,813636021611,284-05-0183,31,1,12,6,5.69
So Delicious Salted Caramel Cluster Cashew Milk Dessert - 16oz: Vegan Gluten-Free,Frozen,https://target.scene7.com/is/image/Target/GUEST_2bac13e9-c41e-4800-a7b0-090cbfeced69?wid=1200&hei=1200&qlt=80,50521978,744473476138,288-07-2645,22,3,6,8,5.39
Talenti Sorbetto Mango - 1pt: Certified Gluten-Free Vegan,Frozen,https://target.scene7.com/is/image/Target/GUEST_6bfd4088-eafa-488c-94d4-042bb03dfdde?wid=1200&hei=1200&qlt=80,15557795,186852000846,288-07-0590,20,1,10,8,5.89
Talenti Dairy-Free Frozen Roman Raspberry Sorbetto - 16 fl oz,Frozen,https://target.scene7.com/is/image/Target/GUEST_e38f943b-109e-4c52-8c13-edd291383c36?wid=1200&hei=1200&qlt=80,15557797,186852000822,288-07-0574,33,6,10,8,5.89
Talenti Caramel Cookie Crunch Gelato - 16 fl oz,Frozen,https://target.scene7.com/is/image/Target/GUEST_4f6c6333-737e-4934-806a-cc93a0236a05?wid=1200&hei=1200&qlt=80,14941790,186852000334,288-07-3265,25,5,10,8,5.89
Outshine Strawberry Lime & Raspberry Frozen Fruit Bar - 12ct,Frozen,https://target.scene7.com/is/image/Target/GUEST_b35c41b0-8b9a-435c-b0ec-0870c0760a16?wid=1200&hei=1200&qlt=80,14909438,041548620107,288-07-1740,6,2,11,6,5.99
Fresh Banana - each - Good & Gather,Produce,https://target.scene7.com/is/image/Target/GUEST_cf4773e6-afec-4aa1-89e7-74b7dfc09973?wid=800&hei=800&qlt=80,15013944,204011000008,267-00-8011,166,130,150,32,0.29
Solely Mango and Raspberry Fruit Snack Jerky - 4.1oz/5ct,Dry Grocery,https://target.scene7.com/is/image/Target/GUEST_84f25c72-6faa-4603-958d-ac18fb4ac271?wid=800&hei=800&qlt=80,94711351,850023073051,071-18-0760,24,13,14,12,7.99
Solely Mango and Guava Fruit Snack Gummies - 7oz/10ct,Dry Grocery,https://target.scene7.com/is/image/Target/GUEST_222de622-ff44-4f7b-9ba8-41d5d2b59c57?wid=800&hei=800&qlt=80,94711425,850052997038,071-18-0763,48,6,14,12,8.69
Solely Mango and Strawberry Fruit Snack Gummies - 7oz/10ct,Dry Grocery,https://target.scene7.com/is/image/Target/GUEST_6c6f7ce8-08f8-4c8f-87a6-b8ab337162b5?wid=800&hei=800&qlt=80,94711424,850052997700,071-18-0762,25,12,14,12,8.69
Lioness Pick Me Up Strawberry Fruit Snacks - 3.4oz/4ct,Dry Grocery,https://target.scene7.com/is/image/Target/GUEST_308fbd9f-bf98-4941-b0c1-a7e0a479ef70?wid=800&hei=800&qlt=80,95285762,850081464013,071-18-0137,24,6,10,6,10.99
Lioness Energy Citrus Fruit Snacks - 3.4oz/4ct,Dry Grocery,https://target.scene7.com/is/image/Target/GUEST_f940745d-3c72-437f-b4fe-26f2140305a8?wid=800&hei=800&qlt=80,95285763,850081464006,071-18-0132,29,3,10,6,10.99
Solely Organic Mango Fruit Jerky - 0.8oz,Dry Grocery,https://target.scene7.com/is/image/Target/GUEST_96cea12e-8588-4d3b-af43-c98bd0055474?wid=800&hei=800&qlt=80,86911282,856261006110,211-11-0294,36,18,36,24,1.59
Fresh Strawberries - 1lb,Produce,https://target.scene7.com/is/image/Target/GUEST_ce4ac41d-c124-49db-8f0f-2f472ee51815?wid=800&hei=800&qlt=80,13208903,885443200275,266-08-0005,74,6,48,18,2.99
Fresh Strawberries - 2lb,Produce,https://target.scene7.com/is/image/Target/GUEST_95c6384a-7d40-4b61-8198-3d6a1598af5f?wid=800&hei=800&qlt=80,17296921,853447003383,266-08-0007,40,21,32,12,5.69
Fresh Organic Strawberries - 16oz,Produce,https://target.scene7.com/is/image/Target/GUEST_ce4ac41d-c124-49db-8f0f-2f472ee51815?wid=800&hei=800&qlt=80,85762475,085239317303,266-08-0001,107,17,48,18,4.99
Frozen Sliced Strawberries - 16oz - Good & Gather,Frozen,https://target.scene7.com/is/image/Target/GUEST_c590eb44-9e77-4839-88e4-828632c68899?wid=800&hei=800&qlt=80,54532155,085239047996,270-14-0410,20,4,12,8,3.39
Trio Berry Bliss Frozen Fruit Blend - 48oz - Good & Gather,Frozen,https://target.scene7.com/is/image/Target/GUEST_60386c52-8332-4b80-a8af-629667cb382f?wid=800&hei=800&qlt=80,54541753,085239048061,270-14-0413,21,6,8,6,12.39
Organic Frozen Triple Berry Bliss - 32oz - Good & Gather,Frozen,https://target.scene7.com/is/image/Target/GUEST_cb8ae8a8-fbe5-4426-a771-09d088a6ebda?wid=800&hei=800&qlt=80,54557732,085239048290,270-14-0428,18,2,8,6,11.99
Little Spoon Super Chicken Dippers ' Food - 10oz,Frozen,https://target.scene7.com/is/image/Target/GUEST_1694fc46-735f-4c13-8b41-fa870ca11de1?wid=800&hei=800&qlt=80,94669361,850056784009,270-02-0128,18,4,8,5,9.99
Good Culture 2% Milkfat Simply Cottage Cheese - 16oz: Keto Certified High Protein Gluten-Free,Dairy,https://target.scene7.com/is/image/Target/GUEST_20b3ef0f-b5a9-437b-8b45-eb76b4b1518a?wid=800&hei=800&qlt=80,52007667,859977005279,284-09-0094,45,6,16,12,3.99
Shredded Mexican-Style Cheese - 8oz - Good & Gather,Deli,https://target.scene7.com/is/image/Target/GUEST_46734303-d315-433e-b05c-5b520e7d0f39?wid=800&hei=800&qlt=80,54337113,085239038475,284-11-1308,37,0,20,12,1.99
Provolone Deli Sliced Cheese - 8oz/12 slices - Good & Gather,Deli,https://target.scene7.com/is/image/Target/GUEST_7b590b23-6c6b-4803-994a-5b4814dbe98e?wid=800&hei=800&qlt=80,54340573,085239038796,284-11-1340,34,2,30,18,1.69
Low-Moisture Part-Skim Mozzarella String Cheese - 12oz/12ct - Good & Gather,Deli,https://target.scene7.com/is/image/Target/GUEST_f9521ef0-5ea2-4b9c-8ddd-761e7aba9c9f?wid=800&hei=800&qlt=80,84783437,085239293508,284-11-0743,24,13,28,14,3.29
Fresh Organic Bananas - 2lb - Good & Gather,Produce,https://target.scene7.com/is/image/Target/GUEST_8162d58e-0a2f-4aaf-88e8-a488bab34269?wid=1200&hei=1200&qlt=80,85759852,074904400013,267-00-0001,265,102,109,32,1.29
Purified Water - 32pk/16.9 fl oz Bottles - Good & Gather,Dry Grocery,https://target.scene7.com/is/image/Target/GUEST_73e87b48-0bca-46d1-ad20-39c29a9eace1?wid=1200&hei=1200&qlt=80,81644373,085239113127,203-60-0123,150,16,36,40,4.99
Vitamin D Whole Milk - 1gal - Good & Gather,Dairy,https://target.scene7.com/is/image/Target/GUEST_49891b88-b609-465f-8c8d-aef748abc7dc?wid=1200&hei=1200&qlt=80,13276134,085239284056,284-02-0005,125,42,80,4,2.69
Diet Coke Soda - 12pk/12 fl oz Cans,Dry Grocery,https://target.scene7.com/is/image/Target/GUEST_71b428bb-c112-4b80-8f8d-f4e249f4aedc?wid=1200&hei=1200&qlt=80,12953514,049000028911,271-10-0269,146,80,120,3,8.89
Coca-Cola Soda - 12pk/12 fl oz Cans,Dry Grocery,https://target.scene7.com/is/image/Target/GUEST_56246e01-0094-49b0-95c8-417fa5dcb649?wid=1200&hei=1200&qlt=80,12953464,049000028904,271-10-0169,243,73,120,3,8.89
Fresh All Natural 93/7 Ground Beef - 1lb - Good & Gather,Meat,https://target.scene7.com/is/image/Target/GUEST_5c08b4e9-aabc-4b79-a579-0e33b9f849c7?wid=1200&hei=1200&qlt=80,13288296,085239020210,268-02-0021,26,20,40,20,7.99
2% Reduced Fat Milk - 1gal - Good & Gather,Dairy,https://target.scene7.com/is/image/Target/GUEST_b733eb0f-5f2d-44c6-82d2-c7f3845e37d3?wid=1200&hei=1200&qlt=80,13276204,085239284063,284-02-0006,135,28,80,4,2.69
Purified Water - 128 fl oz (1gal) - Good & Gather,Dry Grocery,https://target.scene7.com/is/image/Target/GUEST_939f41df-f4e9-4ea4-aa0f-f9f55c00e634?wid=1200&hei=1200&qlt=80,54444789,085239047668,203-60-0097,83,58,84,1,1.39
Coca-Cola Zero Sugar Soda - 12pk/12 fl oz Cans,Dry Grocery,https://target.scene7.com/is/image/Target/GUEST_deb8aea7-3440-4bd4-bca1-a764ca98336c?wid=1200&hei=1200&qlt=80,12958789,049000042559,271-10-0314,72,16,120,3,8.89
Fresh Sun Beams Mandarin Oranges - 3lbs - Good & Gather,Produce,https://target.scene7.com/is/image/Target/GUEST_7a8ab3a8-3364-49d2-8e53-1b27265232a7?wid=1200&hei=1200&qlt=80,87689905,085239993118,266-01-0021,59,19,40,32,4.99
Good Culture 2% Milkfat Simply Cottage Cheese - 16oz: Keto Certified High Protein Gluten-Free,Dairy,https://target.scene7.com/is/image/Target/GUEST_20b3ef0f-b5a9-437b-8b45-eb76b4b1518a?wid=1200&hei=1200&qlt=80,52007667,859977005279,284-09-0094,36,8,8,12,3.99
Purified Drinking Water - 24pk/16.9 fl oz Bottles - Good & Gather,Dry Grocery,https://target.scene7.com/is/image/Target/GUEST_6710c306-f293-446b-bde1-d3f1ef342823?wid=1200&hei=1200&qlt=80,54407104,085239045381,203-60-0096,136,47,48,60,3.89
Fresh Blueberries – 1pt,Produce,https://target.scene7.com/is/image/Target/GUEST_83a186ca-7b6b-4a32-b375-f41e4cd59769?wid=1200&hei=1200&qlt=80,13208898,810376010653,266-08-4240,129,6,48,24,4.79
Grade A Large Eggs - 18ct - Good & Gather,Dairy,https://target.scene7.com/is/image/Target/GUEST_8bc25861-da8d-49ed-97a2-567375198ac6?wid=1200&hei=1200&qlt=80,14713533,085239311585,284-03-1158,184,39,96,48,2.49
Fairlife Lactose-Free 2% Milk - 52 fl oz,Dairy,https://target.scene7.com/is/image/Target/GUEST_8d4d5feb-a00d-4bbf-8ab2-c05996407e9c?wid=1200&hei=1200&qlt=80,17093211,856312002771,284-06-1241,27,8,16,8,4.79
Distilled Water - 128 fl oz (1gal) - Good & Gather,Dry Grocery,https://target.scene7.com/is/image/Target/GUEST_c6115ca5-5bb5-4ce1-a053-a9e2fcec0783?wid=1200&hei=1200&qlt=80,54444818,085239047675,203-60-0098,85,31,84,1,1.39
Fresh Mini Cucumbers - 16oz Bag - Good & Gather,Produce,https://target.scene7.com/is/image/Target/GUEST_9963bcff-43c2-41a3-8a23-d04beefcf98c?wid=1200&hei=1200&qlt=80,78832377,085239091340,211-21-0134,33,7,12,6,2.29
Hass Avocados - 4ct - Good & Gather,Produce,https://target.scene7.com/is/image/Target/GUEST_803813fc-5040-433b-bbcc-217d2cb36884?wid=1200&hei=1200&qlt=80,81957708,085239154847,224-12-0002,8,4,12,24,4.99
SOUR PATCH KIDS Besties 2 Flavors in 1 Soft & Chewy Gummy Candy - 7.17oz,Dry Grocery,https://target.scene7.com/is/image/Target/GUEST_c9def776-cc53-4f6e-bdbf-b57920d79773?wid=1200&hei=1200&qlt=80,94845054,070462015539,055-02-1994,37,17,32,12,3.49
Fresh All Natural Boneless & Skinless Chicken Breast Value Pack - 2.5-5.25lbs - price per lb - Good & Gather,Meat,https://target.scene7.com/is/image/Target/GUEST_c8980c70-1508-47d9-b2aa-7270575e0a54?wid=1200&hei=1200&qlt=80,86676070,211849000001,226-10-0003,26,19,32,18,12.95
Heavy Whipping Cream - 16 fl oz (1pt) - Good & Gather,Dairy,https://target.scene7.com/is/image/Target/GUEST_c3935e5f-5b66-4bf1-a38b-ad72121b9d4f?wid=1200&hei=1200&qlt=80,54550905,085239045619,284-05-0252,45,11,48,12,2.99
Ready Dark Chocolate Coconut Almond Protein Bars - 15g Protein - 5ct,Dry Grocery,https://target.scene7.com/is/image/Target/GUEST_313bbc60-0f0f-4fa7-9efe-c4f288dd383c?wid=1200&hei=1200&qlt=80,94264984,847644008081,071-20-0938,47,16,24,6,6.29
Velveeta Shells & Cheese Original Mac and Cheese Dinner - 12oz,Dry Grocery,https://target.scene7.com/is/image/Target/GUEST_9caaa41d-7145-44ea-91d4-eb9b22e6be32?wid=1200&hei=1200&qlt=80,12954181,021000658930,212-14-0316,83,13,24,18,2.69
Lioness Calm Mixed Berry Fruit Snacks - 3.4oz/4ct,Dry Grocery,https://target.scene7.com/is/image/Target/GUEST_0c1665b8-2f56-4d0c-aa2e-45abb00a5bf9?wid=1200&hei=1200&qlt=80,95285764,850081464020,071-18-0168,7,6,20,6,10.99
Dr Pepper Soda - 12pk/12 fl oz Cans: Caffeinated,Dry Grocery,https://target.scene7.com/is/image/Target/GUEST_27a2e72f-7a3a-4f3c-8ee3-c41c1f9be91b?wid=1200&hei=1200&qlt=80,12965290,078000082166,271-30-0708,102,22,120,3,8.39
MAGIC SPOON Fruity Protein Breakfast Cereal - 7oz: No Certified Synthetic Colors,Dry Grocery,https://target.scene7.com/is/image/Target/GUEST_da9a51cf-cdb1-4e4e-8d57-b1c75b4148a0?wid=800&hei=800&qlt=80,85367259,850002887440,231-13-0615,34,2,10,8,8.29
Café Bustelo Espresso Dark Roast Coffee - Keurig K-Cup Pods - 48ct: Toffee,Dry Grocery,https://target.scene7.com/is/image/Target/GUEST_c64b1625-5740-4810-a85f-4adfd0afffaa?wid=800&hei=800&qlt=80,79574297,074471018956,231-10-6647,7,3,4,2,30.99
Deep Indian Kitchen Potato & Pea Samosa - 12oz,Frozen,https://target.scene7.com/is/image/Target/GUEST_1f404608-7fe3-421f-8603-157042f23435?wid=800&hei=800&qlt=80,94984552,011433112956,270-02-8557,33,17,24,8,5.99
Fairlife Lactose-Free 2% Chocolate Milk - 52 fl oz,Dairy,https://target.scene7.com/is/image/Target/GUEST_cc1a3964-af13-4fce-90ad-63945cc38138?wid=800&hei=800&qlt=80,17093199,856312002795,284-06-1242,21,7,16,8,4.79
Grade A Large Eggs - 12ct - Good & Gather,Dairy,https://target.scene7.com/is/image/Target/GUEST_393a7c9a-e12f-4983-8f4a-e58100a6192d?wid=800&hei=800&qlt=80,14713534,085239939451,284-03-1157,166,5,54,32,1.69
Nurri 30g Protein Shake - Chocolate - 11 fl oz,Dry Grocery,https://target.scene7.com/is/image/Target/GUEST_70e789e0-34fa-4c94-a384-c0a8aa17cd3a?wid=800&hei=800&qlt=80,94935131,811130033727,203-80-0311,57,15,18,12,2.89
Pacific Foods Organic Chicken Noodle Soup - 16.1oz: No Added Sugar No Artificial Colors No Artificial Flavors,Dry Grocery,https://target.scene7.com/is/image/Target/GUEST_2e93dc24-ec40-4451-8b2f-910d172f0ae1?wid=800&hei=800&qlt=80,86461967,052603283663,212-18-1015,38,8,10,12,3.69
Goodles Thrilled Cheese Mac and Cheese - 5.25oz,Dry Grocery,https://target.scene7.com/is/image/Target/GUEST_31a49baa-be38-4ddb-88fd-b26ff9a8dfb8?wid=800&hei=800&qlt=80,92998856,850031990562,212-14-0007,35,6,18,10,2.99
Fairlife Lactose-Free Fat-Free Milk - 52 fl oz,Dairy,https://target.scene7.com/is/image/Target/GUEST_22053a4e-0236-4a18-bfe7-7096e6cc414f?wid=800&hei=800&qlt=80,17093210,856312002757,284-06-1240,31,9,16,8,4.79
Core Power Chocolate 26G Protein Shake - 14 fl oz Bottle: Lactose-Free Gluten-Free,Dry Grocery,https://target.scene7.com/is/image/Target/GUEST_49852863-a8e8-471e-be4d-61cfc95cae5f?wid=800&hei=800&qlt=80,78824043,811620021951,271-50-0302,17,8,18,24,3.99
Fresh Yellow Onion - each,Produce,https://target.scene7.com/is/image/Target/GUEST_741338c8-f233-43e6-b84b-8fd6f080f1e1?wid=800&hei=800&qlt=80,13474244,204166000007,211-17-4666,148,48,92,48,1.39
Sprite Soda - 12pk/12 fl oz Cans,Dry Grocery,https://target.scene7.com/is/image/Target/GUEST_70c7c201-5310-4032-9d63-e3fdd0e8ecf3?wid=800&hei=800&qlt=80,12953469,049000028928,271-10-1269,151,114,120,3,8.89
Fresh Rainbow Bell Peppers 3ct - Good & Gather,Produce,https://target.scene7.com/is/image/Target/GUEST_ea1509c2-8f39-41ef-946e-c5a6d86cbd59?wid=800&hei=800&qlt=80,78832378,085239091357,211-21-0135,32,11,20,12,2.99
Large Hass Avocado - each,Produce,https://target.scene7.com/is/image/Target/GUEST_88b51085-0fbc-4dd2-bc85-558c5ad08e7d?wid=800&hei=800&qlt=80,94769016,204225000009,224-12-4225,46,12,20,32,1.19
Drizzilicious Birthday Cake Drizzled Mini Rice Cake - 4oz: Gluten-Free Keto Certified Vegan,Dry Grocery,https://target.scene7.com/is/image/Target/GUEST_7fe74900-2524-4284-b316-1de6d873fa15?wid=800&hei=800&qlt=80,94203847,857900005402,071-08-0835,66,2,36,6,3.79
Thomas Plain Bagels - 18oz/6ct,Bakery,https://target.scene7.com/is/image/Target/GUEST_13d23127-d4d2-452c-9e37-9776602e1a6c?wid=1200&hei=1200&qlt=80,95116850,048121959517,261-01-6076,99,46,48,24,3.99
Coca-Cola Soda - 10pk/7.5 fl oz Mini-Cans,Dry Grocery,https://target.scene7.com/is/image/Target/GUEST_3af238bb-35c1-4ec9-8c14-e6136f1eaf0c?wid=1200&hei=1200&qlt=80,51139832,049000067217,271-10-0100,211,126,200,4,699
Fairlife Lactose-Free Whole Milk - 52 fl oz: No Artificial Colors,Dairy,https://target.scene7.com/is/image/Target/GUEST_0ab839f6-7a42-496f-b6a5-76db2c507ba9?wid=1200&hei=1200&qlt=80,48626857,811620020169,284-06-1239,31,6,16,8,4.79
BUBBL'R Triple Berry Breez'r Antioxidant Sparkling Water - 6pk/12 fl oz Can,Dry Grocery,https://target.scene7.com/is/image/Target/GUEST_343b9654-af50-4124-8e27-aa9cb62993ac?wid=1200&hei=1200&qlt=80,82641021,028435600299,271-70-8822,18,7,8,4,6.69
Serenity Kids Grass Fed Bison with Organic Kabocha Squash & Spinach Baby Food Pouch - 3.5oz,Dry Grocery,https://target.scene7.com/is/image/Target/GUEST_fdc9d598-3ee2-4919-afb6-1c6fd55fc42f?wid=1200&hei=1200&qlt=80,82080692,868767000394,007-10-0050,39,6,24,24,3.99
Benefiber Prebiotic GLP-1 Friendly Fiber Unflavored Powder Stick Pack - 28ct,Dry Grocery,https://target.scene7.com/is/image/Target/GUEST_e68c28b0-c7a7-415d-85d5-cee49cd8476a?wid=1200&hei=1200&qlt=80,11016449,886790162803,245-05-0337,21,9,18,6,13.79
SToK Black Unsweetened Cold Brew Coffee - 48 fl oz: Arabica Beans Medium Roast,Dairy,https://target.scene7.com/is/image/Target/GUEST_1ef24756-2e22-4628-83a4-85cc989b7a29?wid=1200&hei=1200&qlt=80,50694768,041271027730,284-04-0123,23,7,7,6,6.49
Heavy Whipping Cream - 32 fl oz (1qt) - Good & Gather,Dairy,https://target.scene7.com/is/image/Target/GUEST_1825c70c-1790-491d-9433-9908acdbbb19?wid=1200&hei=1200&qlt=80,54550928,085239045626,284-05-0253,28,9,48,12,5.49
Drizzilicious Lemon Drizzled Mini Rice Cake - 4oz: Vegan Organic Gluten-Free ,Dry Grocery,https://target.scene7.com/is/image/Target/GUEST_836fd7cb-de69-4cfb-9d43-460a80d3826c?wid=1200&hei=1200&qlt=80,95049011,850061874641,071-08-1357,39,0,18,6,3.59
GoGo SqueeZ yogurtZ Low Fat Peach & Mango Variety Pack - 3oz/16ct,Dry Grocery,https://target.scene7.com/is/image/Target/GUEST_d2232aa8-89e6-4b03-a4ab-7f80c59d1e3d?wid=1200&hei=1200&qlt=80,87887340,848860049490,071-18-0729,8,3,8,6,13.79
Three Wishes Marshmallow Breakfast Cereal - 8.6oz: Vegan,Dry Grocery,https://target.scene7.com/is/image/Target/GUEST_5b38224a-a275-4458-8b2b-70e0204a23c4?wid=1200&hei=1200&qlt=80,90183765,850016813381,231-13-0752,61,22,24,12,6.99
Prime Hydration Variety Pack Mixed Flavors Sports Drink - 15pk/12 fl oz Bottles: Non-Caffeinated,Dry Grocery,https://target.scene7.com/is/image/Target/GUEST_2a5919eb-6bcf-4ac5-b5f3-3f295b17e7c2?wid=1200&hei=1200&qlt=80,94218807,810116127153,271-50-0387,3,1,3,1,15.89
Fresh Red Onion - each,Produce,https://target.scene7.com/is/image/Target/GUEST_6e9b6bee-9320-4ddd-ae86-38d6c636ec63?wid=1200&hei=1200&qlt=80,14917313,204082000006,211-17-4085,101,38,108,32,1.39
Artesano Original White Bread - 20oz,Bakery,https://target.scene7.com/is/image/Target/GUEST_488167f7-7543-416d-8a75-74069433c719?wid=1200&hei=1200&qlt=80,95234985,070162958709,261-01-4626,269,257,302,12,3.79
Raspberries - 6oz,Produce,https://target.scene7.com/is/image/Target/GUEST_8d26403f-f9a4-4e31-80d5-4f8dd85d3c9b?wid=1200&hei=1200&qlt=80,13208899,492660840544,266-08-4054,135,49,50,24,2.99
Granulated Sugar - 4lbs - Good & Gather,Dry Grocery,https://target.scene7.com/is/image/Target/GUEST_d69dae4f-e842-4056-b79a-daae2aae4d62?wid=1200&hei=1200&qlt=80,78471310,085239084533,261-06-0333,24,14,48,12,3.59
Vital Farms Pasture Raised Large Eggs - 18ct,Dairy,https://target.scene7.com/is/image/Target/GUEST_81d4749a-5e8c-4ec2-8774-b9ffa6c57021?wid=1200&hei=1200&qlt=80,52235196,862315000249,284-03-0027,56,2,24,12,10.79
Cage-Free Fresh Grade A Large Brown Eggs - 12ct - Good & Gather,Dairy,https://target.scene7.com/is/image/Target/GUEST_fdcd2e42-1d87-4b92-aebc-abab6719cb08?wid=1200&hei=1200&qlt=80,14662561,198420643911,284-03-1032,17,0,48,36,2.69
Chomps Snack Sticks Original Beef Meat Sticks - 9.2oz/8ct,Dry Grocery,https://target.scene7.com/is/image/Target/GUEST_6d6037ab-d60d-4e90-b3d1-8b28b966a57a?wid=1200&hei=1200&qlt=80,87802842,850015892523,071-08-0346,56,10,18,12,18.49
Just Bare Lightly Breaded Chicken Breast Bites - Frozen - 24oz,Meat,https://target.scene7.com/is/image/Target/GUEST_8715c75a-9b35-4515-a8bd-bc44a44e9719?wid=1200&hei=1200&qlt=80,87689187,077013615576,210-05-0102,14,7,24,12,10.99
Salted Stick Butter - 1lb - Good & Gather,Dairy,https://target.scene7.com/is/image/Target/GUEST_0b2f4f85-39f9-459d-89da-245737d406a1?wid=1200&hei=1200&qlt=80,54445965,085239334317,284-12-0061,27,7,36,12,3.19
Fresca Original Citrus Soda - 12pk/12 fl oz Cans,Dry Grocery,https://target.scene7.com/is/image/Target/GUEST_6485cb4a-45e0-4007-a302-8f6f938cfa03?wid=1200&hei=1200&qlt=80,12953483,049000031058,271-10-1469,136,19,120,3,8.89
Dr Pepper Zero Sugar Soda - 12pk/12 fl oz Cans,Dry Grocery,https://target.scene7.com/is/image/Target/GUEST_7eaab86a-2599-463d-a526-d6d70a2b0484?wid=1200&hei=1200&qlt=80,81627876,078000035261,271-30-0246,199,52,120,3,8.39
Fresh All Natural 93/7 Ground Beef - 2lbs - Good & Gather,Meat,https://target.scene7.com/is/image/Target/GUEST_6bf64ba6-5abc-4614-aef2-89541984997c?wid=1200&hei=1200&qlt=80,13287608,085239020234,268-02-0023,14,7,24,18,15.19
100% Pure Pumpkin - 15oz - Good & Gather,Dry Grocery,https://target.scene7.com/is/image/Target/GUEST_6b3227f6-cb70-42f9-a346-f91addb14fa0?wid=1200&hei=1200&qlt=80,81647715,085239981108,261-05-0026,66,27,48,24,1.99
Diet Coke Soda - 10pk/7.5 fl oz Mini-Cans,Dry Grocery,https://target.scene7.com/is/image/Target/GUEST_89f6b907-6a57-461e-b22f-a73b3e68ae2e?wid=1200&hei=1200&qlt=80,51139831,049000067224,271-10-0101,174,148,200,4,6.99
Chopped Caesar Salad Kit - 11.15oz - Good & Gather,Produce,https://target.scene7.com/is/image/Target/GUEST_544515ee-2f12-431e-8dcd-d19788ae585f?wid=1200&hei=1200&qlt=80,54560287,085239051672,211-03-0353,24,3,18,12,3.89
BLOOM NUTRITION Sparkling Energy Drink - Crisp Apple - 12 fl oz: Caffeinated Prebiotic/Probiotic,Dry Grocery,https://target.scene7.com/is/image/Target/GUEST_b3dcde22-fd36-4482-aacf-0a8cb170415e?wid=1200&hei=1200&qlt=80,94725040,842595138214,271-55-0803,19,0,24,12,2.59
Four Sigmatic Organic High Caffeine Dark Roast Ground Coffee with Lion's Mane Mushroom and Yacon - 10oz,Dry Grocery,https://target.scene7.com/is/image/Target/GUEST_6548219b-aa31-4723-b2e1-965ec5c91548?wid=1200&hei=1200&qlt=80,95010302,816897023196,231-10-0344,26,1,12,6,19.99
Serenity Kids World Explorer Free Range Chicken Mexican Inspired Stew with Organic Vegetables Baby Food Pouch - 3.5oz,Dry Grocery,https://target.scene7.com/is/image/Target/GUEST_97a5622a-6ef2-4882-821e-d41c1cd09fc6?wid=1200&hei=1200&qlt=80,90462307,850000411548,007-10-2548,24,9,24,24,3.99
Serenity Kids World Explorer Coconut Curry with Free Range Chicken and Organic Vegetables Baby Food Pouch - 3.5oz,Dry Grocery,https://target.scene7.com/is/image/Target/GUEST_19c26929-ed21-446c-8a96-3bda84d8d218?wid=1200&hei=1200&qlt=80,90462305,850000411456,007-10-0146,17,10,24,24,3.99
DripDrop Zero Sugar Plus Sampler Variety Dietary Supplement Powder - Watermelon Strawberry Kiwi Tropical Punch Tangerine Raspberry Lemon - 10ct,Dry Grocery,https://target.scene7.com/is/image/Target/GUEST_b00623bc-07f5-4309-96f5-0265e4b067e9?wid=1200&hei=1200&qlt=80,94900664,810194960161,094-08-0024,30,10,12,8,8.99
Pedialyte Electrolyte Solution Freezer Pops Variety Pack - 33.6 fl oz,Dry Grocery,https://target.scene7.com/is/image/Target/GUEST_f1cdaa31-b00b-4cef-964a-4ff0f2405deb?wid=1200&hei=1200&qlt=80,52925180,070074002460,007-09-0150,42,17,24,8,4.99
1 Gallon Distilled Water for Babies - 128 fl oz - up&up,Dry Grocery,https://target.scene7.com/is/image/Target/GUEST_bf05dce1-12b4-45c2-99dc-5f873af095b4?wid=1200&hei=1200&qlt=80,92243568,191907983005,007-09-0070,16,8,24,6,1.39
Drizzilicious Drizzled Mini Rice Cake Variety Pack - 11.1oz/15ct,Dry Grocery,https://target.scene7.com/is/image/Target/GUEST_55dc21e4-00c5-4138-8aac-6c8d5ad76d88?wid=1200&hei=1200&qlt=80,95045510,850079592155,071-08-0823,9,2,8,1,12.99
Everyday Dose Mild Roast Mushroom Coffee + 100% Arabica Functional Instant Coffee Half Caff - 3.6oz,Dry Grocery,https://target.scene7.com/is/image/Target/GUEST_6608343e-f0b2-4c5b-b966-eca50b1fa673?wid=1200&hei=1200&qlt=80,94499976,860012610532,231-10-6101,11,3,12,8,14.99
Quest Nutrition Protein Bar - Apple Pie - 8.48oz/4ct,Dry Grocery,https://target.scene7.com/is/image/Target/GUEST_33138a99-3682-4abb-be42-3498bc454e9c?wid=1200&hei=1200&qlt=80,91972887,888849003945,094-08-0654,48,18,24,8,9.49
RITZ Stacks Original Crackers Travel Snacks - 11.8oz,Dry Grocery,https://target.scene7.com/is/image/Target/GUEST_875da80f-52a0-4aed-ba6d-79be2926412d?wid=1200&hei=1200&qlt=80,14933672,044000031138,071-10-0301,20,11,48,12,3.99
Fresh All Natural 85/15 Ground Beef - 1lb - Good & Gather,Meat,https://target.scene7.com/is/image/Target/GUEST_0ec9dbf3-fd74-4677-b1f1-9ca818876aab?wid=1200&hei=1200&qlt=80,13288295,085239020180,268-02-0018,47,15,40,20,7.69
Fresh All Natural 85/15 Ground Beef - 2lbs - Good & Gather,Meat,https://target.scene7.com/is/image/Target/GUEST_69e6f43a-68f0-4031-86be-676214b5c1ff?wid=1200&hei=1200&qlt=80,13287609,085239020203,268-02-0020,59,9,24,18,14.69
Shredded Mozzarella Cheese - 8oz - Good & Gather,Deli,https://target.scene7.com/is/image/Target/GUEST_9fea19c8-55df-4b3e-8884-4ea1e91aa1b3?wid=1200&hei=1200&qlt=80,54337119,085239038499,284-11-1310,18,2,20,12,1.99
Atkins High Protein Bars - Chocolate Peanut Butter Pretzel - 6.77oz/4pk - 16gms Protein,Dry Grocery,https://target.scene7.com/is/image/Target/GUEST_9a02fad2-e83a-42d2-af18-92596a7a0096?wid=1200&hei=1200&qlt=80,94714881,637480006033,094-08-1874,36,5,6,12,6.99
Three Wishes Gluten Free Strawberry Grain-Free Breakfast Cereal - 8.6oz,Dry Grocery,https://target.scene7.com/is/image/Target/GUEST_800f6130-866d-4546-a1a9-b2ef11737854?wid=1200&hei=1200&qlt=80,95006196,850016813176,231-13-3671,28,13,24,12,6.79
Serenity Kids Free Range Turkey with Organic Sweet Potato Pumpkin & Beet Baby Food Pouch - 3.5oz,Dry Grocery,https://target.scene7.com/is/image/Target/GUEST_86d545ba-dec7-466b-b64e-a3dd5c5d0dc6?wid=1200&hei=1200&qlt=80,82080695,868767000387,007-10-1986,59,24,24,24,6.99
Frito-Lay Variety Pack Classic Mix - 18ct,Dry Grocery,https://target.scene7.com/is/image/Target/GUEST_346b87d7-8ce8-4c36-8b13-29e246652492?wid=1200&hei=1200&qlt=80,13344794,028400737401,071-05-0731,7,4,8,6,10.99
Fresh Organic Blueberries - 12 oz,Produce,https://target.scene7.com/is/image/Target/GUEST_83a186ca-7b6b-4a32-b375-f41e4cd59769?wid=1200&hei=1200&qlt=80,83727500,850019194197,266-08-4611,52,32,32,24,5.99
Organic Cage-Free Fresh Grade A Large Brown Eggs - 12ct - Good & Gather,Dairy,https://target.scene7.com/is/image/Target/GUEST_beb1ce9d-3ed6-4d55-9ce4-ac3434180fe8?wid=1200&hei=1200&qlt=80,14662560,085239311134,284-03-1130,24,16,48,36,3.99
Fresh Honeycrisp Apples - 3lb Bag - Good & Gather,Produce,https://target.scene7.com/is/image/Target/GUEST_fb5635c0-addf-4a6b-b3da-3f017b859d28?wid=1200&hei=1200&qlt=80,54579324,085239049402,266-05-0027,22,7,108,48,9.79
Purified Drinking Water - 24pk/8 fl oz Bottles - Good & Gather,Dry Grocery,https://target.scene7.com/is/image/Target/GUEST_b5871481-c564-4dfd-8d64-59862a949034?wid=1200&hei=1200&qlt=80,54407091,085239045374,203-60-0095,15,13,20,1,3.29
Finely Shredded Parmesan Cheese - 6oz - Good & Gather,Deli,https://target.scene7.com/is/image/Target/GUEST_31f1aad6-be96-48a4-b91e-41c36410de0d?wid=1200&hei=1200&qlt=80,54337106,085239038680,284-11-1329,4,3,20,20,1.99
Sprite Zero Soda - 12pk/12 fl oz Cans,Dry Grocery,https://target.scene7.com/is/image/Target/GUEST_15544a60-c719-4b11-9591-915cefc8e949?wid=1200&hei=1200&qlt=80,12952961,049000037111,271-10-1369,194,93,120,3,8.89
Fresh Organic 100% Grassfed 85/15 Ground Beef - 1lb - Good & Gather,Meat,https://target.scene7.com/is/image/Target/GUEST_f2658286-3d7a-4794-a45c-6bb5d170789d?wid=1200&hei=1200&qlt=80,23974824,852391228606,268-02-0012,20,0,12,8,7.69
Vitamin D Whole Milk - 0.5gal - Good & Gather,Dairy,https://target.scene7.com/is/image/Target/GUEST_9b4faa58-d442-4f85-927c-060d4c23552a?wid=1200&hei=1200&qlt=80,12925351,085239284018,284-02-0001,81,15,36,12,1.69
1% Low Fat Milk - 0.5gal - Good & Gather,Dairy,https://target.scene7.com/is/image/Target/GUEST_e47d3e0f-8cf1-4dfb-ae2e-ed937da0970e?wid=1200&hei=1200&qlt=80,13276127,085239284032,284-02-0003,14,8,12,12,1.99
2% Reduced Fat Milk - 0.5gal - Good & Gather,Dairy,https://target.scene7.com/is/image/Target/GUEST_cdc1a259-f83e-408e-8414-20d670ec42bd?wid=1200&hei=1200&qlt=80,13276128,085239284025,284-02-0002,39,18,24,12,1.69
Skim Fat Free Milk - 0.5gal - Good & Gather,Dairy,https://target.scene7.com/is/image/Target/GUEST_25737a51-7621-46cd-8af8-33af9a6f8e2c?wid=1200&hei=1200&qlt=80,13276135,085239284049,284-02-0004,23,2,6,12,1.69
Skim Fat Free Milk - 1gal - Good & Gather,Dairy,https://target.scene7.com/is/image/Target/GUEST_9bb9eb47-31ae-46a2-bfbe-27cf82357d39?wid=1200&hei=1200&qlt=80,13276201,085239284087,284-02-0008,1,1,6,4,2.69
Tillamook Country Smoker Zero Sugar Original Smoked Sausages - 8g Protein - 10oz,Dry Grocery,https://target.scene7.com/is/image/Target/GUEST_9798d07b-a3fa-498a-b7fd-36c26b73642c?wid=1200&hei=1200&qlt=80,81868765,051943053868,071-08-0646,13,3,12,12,13.79
Vive Organic Immunity Boost Original Wellness Shot with Ginger and Turmeric Potent Wellness Shots 2 fl oz Bottle (4 Pack),Produce,https://target.scene7.com/is/image/Target/GUEST_305edeae-4c59-4286-91fd-bd0e9ead8121?wid=1200&hei=1200&qlt=80,81968633,856502006381,211-08-4626,3,2,4,4,10.99
BUBBL'R Pitaya Berry Nect'r Antioxidant Sparkling Water - 6pk/12 fl oz,Dry Grocery,https://target.scene7.com/is/image/Target/GUEST_6581576e-ed42-4df4-acd8-f5b56a9301f0?wid=1200&hei=1200&qlt=80,82641017,028435600374,271-70-6131,15,5,8,4,6.69
BUBBL'R Pomegranate Acai Refresh'r Antioxidant Sparkling Water - 6pk/12 fl oz,Dry Grocery,https://target.scene7.com/is/image/Target/GUEST_788e679c-75e1-4944-bdde-dc01141a18ba?wid=1200&hei=1200&qlt=80,82641023,028435600329,271-70-6987,14,0,8,4,6.69
Russell Stover Sugar Free Multi-Flavor Mid-Size Gusset Bag - 10oz,Dry Grocery,https://target.scene7.com/is/image/Target/GUEST_e7f8d3fe-95ad-4753-8e22-d314ef3bb96a?wid=1200&hei=1200&qlt=80,1010802714,077260117328,055-02-2451,6,6,20,8,10.99
Oats Overnight Chocolate Chip Cookie Dough Breakfast Shake - 2.1oz,Dry Grocery,https://target.scene7.com/is/image/Target/GUEST_39fb9143-1580-429e-b806-f2c356d4cd42?wid=1200&hei=1200&qlt=80,94370670,810090751184,231-14-0985,18,6,20,10,3.19
Serenity Kids Free Range Chicken & Grass Fed Beef with Organic Vegetables Baby Food Pouches Variety Pack - 4pk/14oz,Dry Grocery,https://target.scene7.com/is/image/Target/GUEST_33c388ad-b1c5-4197-959a-19a832cb36c7?wid=1200&hei=1200&qlt=80,92680279,850000411906,007-10-6524,11,8,12,8,14.99
Fresh Idaho Russet Potatoes - 5lbs - (Brand May Vary),Produce,https://target.scene7.com/is/image/Target/GUEST_eb11d189-9997-4e6e-a5ab-c9eea7716a57?wid=1200&hei=1200&qlt=80,77775602,085239086377,211-17-0079,32,27,40,12,3.79
Nature's Garden Snacks Probiotic Yoggies Fruit Snacks Strawberry - 8.5oz/12ct,Dry Grocery,https://target.scene7.com/is/image/Target/GUEST_7c6df7dc-2d00-4aa3-be32-d686884f81b3?wid=1200&hei=1200&qlt=80,94223852,846548086546,071-18-0148,50,17,36,6,6.99
Pure Life Purified Water - 28 Pack/16.9 Fl Oz Plastic Bottles: Zero Calories Purification Process,Dry Grocery,https://target.scene7.com/is/image/Target/GUEST_d15aaf3f-b874-405e-ae29-6607f365bece?wid=1200&hei=1200&qlt=80,50251590,068274735295,203-60-0019,33,4,24,1,5.29
Mission Carb Balance Taco Size Soft flour Tortillas - 12oz/8ct,Bakery,https://target.scene7.com/is/image/Target/GUEST_dc61bc64-e823-4bf4-92fe-2180d8090df7?wid=1200&hei=1200&qlt=80,13728430,073731071090,212-26-1574,70,21,48,12,5.49
Greek Plain Nonfat Yogurt - 18g Protein 32oz - Good & Gather,Dairy,https://target.scene7.com/is/image/Target/GUEST_12f15750-40d9-4bd1-9744-096bfa41275c?wid=1200&hei=1200&qlt=80,78362087,085239078419,284-10-0936,7,5,8,6,3.29
Lioness Pick Me Up Strawberry Fruit Snacks - 3.4oz/4ct,Dry Grocery,https://target.scene7.com/is/image/Target/GUEST_308fbd9f-bf98-4941-b0c1-a7e0a479ef70?wid=1200&hei=1200&qlt=80,95285762,850081464013,071-18-0137,15,12,12,8,8.99
Oats Overnight Cookies and Cream Breakfast Shake - 2.2oz,Dry Grocery,https://target.scene7.com/is/image/Target/GUEST_2d56a072-c049-4970-b1c3-9ea7bdb22635?wid=1200&hei=1200&qlt=80,94468815,810090751054,231-14-0984,4,3,20,10,3.19
Simply Beverages Orange Pulp Free Juice - 46 fl oz: 100% Juice,Dairy,https://target.scene7.com/is/image/Target/GUEST_a1f7f832-d2a5-4595-9258-23e65ec5c8b8?wid=1200&hei=1200&qlt=80,94351559,025000136788,284-04-4411,10,2,12,6,4.99
MadeGood Chocolate Chip Organic Granola Bites - 4.25oz/5pk,Dry Grocery,https://target.scene7.com/is/image/Target/GUEST_e451cf70-eabb-4aa0-bfa9-6f46cae216c9?wid=1200&hei=1200&qlt=80,83109264,687456223551,071-20-0622,8,3,12,5,3.69
Everyday Dose Starter Kit Mushroom Coffee + Medium + Mild Roast Functional Instant Coffee - 1.74oz,Dry Grocery,https://target.scene7.com/is/image/Target/GUEST_b228e0f3-a8b4-4166-8640-2f387e0db082?wid=1200&hei=1200&qlt=80,94499977,860010667866,231-10-6103,28,7,18,6,14.99
DryWater Hydration Powder Electrolyte Drink Mix with Vitamins - Peach & Mango - 2.33oz/6ct,Dry Grocery,https://target.scene7.com/is/image/Target/GUEST_990a1855-f144-4463-88ca-304dae0e8b24?wid=1200&hei=1200&qlt=80,95075882,860011967620,203-13-0454,39,1,16,8,10.29
So Good So You Detox Pineapple Orange Probiotic Juice Shot,Dairy,https://target.scene7.com/is/image/Target/GUEST_fce07e50-dcc9-45ed-b2b3-1da07d9656ad?wid=1200&hei=1200&qlt=80,52610180,851481006414,211-08-0318,10,6,12,6,3.49
White Sandwich Bread - 20oz - Market Pantry,Bakery,https://target.scene7.com/is/image/Target/GUEST_b7d91e81-215d-4f81-8d2a-ae247cc44282?wid=1200&hei=1200&qlt=80,14930378,085239011393,261-01-0139,99,15,60,12,1.59
Drizzilicious S'mores Drizzled Mini Rice Cake - 4oz: Keto Certified Organic,Dry Grocery,https://target.scene7.com/is/image/Target/GUEST_7f36b166-580d-467c-819c-acf7f95e5338?wid=1200&hei=1200&qlt=80,94203843,857900005174,071-08-0836,16,3,18,6,3.59
Distilled White Vinegar - 128 fl oz - Good & Gather,Dry Grocery,https://target.scene7.com/is/image/Target/GUEST_1b259341-f4fb-42d3-bb26-c457ac6c4da6?wid=1200&hei=1200&qlt=80,54633873,085239057315,212-08-0926,51,20,24,12,4.59
Samyang Buldak Spicy Chicken Carbonara Ramen Noodles - 22.90oz/5ct,Dry Grocery,https://target.scene7.com/is/image/Target/GUEST_08d17448-ae1f-4163-b0ea-966ff105c0d4?wid=1200&hei=1200&qlt=80,91114007,8801073142312,212-30-0109,49,18,24,8,7.99
Half & Half - 32 fl oz (1qt) - Good & Gather,Dairy,https://target.scene7.com/is/image/Target/GUEST_9b9e3e20-8cff-483e-919d-d93debbf3360?wid=1200&hei=1200&qlt=80,54550900,085239045596,284-05-0251,21,9,24,12,2.79
Fresh Iceberg Lettuce Head - each,Produce,https://target.scene7.com/is/image/Target/GUEST_b4eb1390-6de9-4ed1-9005-1c8b5e4d146f?wid=1200&hei=1200&qlt=80,14919690,740695650202,211-21-4061,3,1,8,6,1.99
FAGE Total 0% Milkfat Plain Greek Yogurt - 18g Protein 32oz,Dairy,https://target.scene7.com/is/image/Target/GUEST_3a47d9f3-d83a-4502-8fda-c082491f32b3?wid=1200&hei=1200&qlt=80,14729218,689544083016,284-10-0315,17,4,6,6,7.69
Coca-Cola Zero Sugar Soda - 10pk/7.5 fl oz Mini-Cans,Dry Grocery,https://target.scene7.com/is/image/Target/GUEST_7afcaa7d-f8bc-45a9-8c3d-ae8ee977ee80?wid=1200&hei=1200&qlt=80,53037033,049000067231,271-10-0177,192,33,100,4,6.19
RYZE Organic Medium Roast Mushroom Coffee - 4.2oz: Arabica Beans,Dry Grocery,https://target.scene7.com/is/image/Target/GUEST_9580e58c-ef44-4a49-9982-b79c736a4e23?wid=1200&hei=1200&qlt=80,94825538,850031261464,231-10-1810,33,7,12,6,17.99
RYZE Dark Roast Mushroom Coffee - 4.2oz,Dry Grocery,https://target.scene7.com/is/image/Target/GUEST_23038039-0abe-4222-8098-de60e34a0690?wid=800&hei=800&qlt=80,94825539,850031261624,231-10-1811,24,12,12,6,17.99
Catalina Crunch Honey Crunch Granola with Cashews - 8oz: Gluten-Free,Dry Grocery,https://target.scene7.com/is/image/Target/GUEST_26899be6-ae96-4dea-9bca-905254b247cb?wid=800&hei=800&qlt=80,94271647,850044112913,231-13-0890,13,3,7,6,7.39
LMNT Zero Sugar Lemonade Sparkling Electrolyte Drink - 4pk/12 fl oz,Dry Grocery,https://target.scene7.com/is/image/Target/GUEST_b8190e75-f457-45fc-a292-c6504ddc8921?wid=800&hei=800&qlt=80,94670728,810183490396,203-75-0300,5,2,8,6,10.59
Fresh Organic Roma Tomatoes - 1lb,Produce,https://target.scene7.com/is/image/Target/GUEST_3b9b38f5-08b8-4e6c-8f11-bf35f1a7ac69?wid=800&hei=800&qlt=80,94499414,729062150354,211-12-0031,32,0,10,6,2.99
Righteous Felon Craft Jerky Lemon Pepper Turkey Meat Stick - 9g Protein - 1oz,Dry Grocery,https://target.scene7.com/is/image/Target/GUEST_09949a4a-9b68-48d6-bc28-189fc2b5675a?wid=1200&hei=1200&qlt=80,94978098,852089007490,071-08-1224,143,37,48,24,1.89
Righteous Felon Craft Jerky Fiery Habanero Beef Stick - 9g Protein - 1oz,Dry Grocery,https://target.scene7.com/is/image/Target/GUEST_c748c928-4512-472c-9bd9-e6f53edd4a3e?wid=1200&hei=1200&qlt=80,94978099,852089007483,071-08-1225,43,17,48,24,1.99
Righteous Felon Craft Jerky Felon OG Hickory Beef Stick - 9g Protein - 1oz,Dry Grocery,https://target.scene7.com/is/image/Target/GUEST_66739d50-eea6-43d1-b46f-e4ea7c3789de?wid=1200&hei=1200&qlt=80,94978095,852089007193,071-08-1221,46,43,48,24,1.99
Righteous Felon Craft Jerky Street Taco Pork Meat Stick - 8g Protein - 1oz,Dry Grocery,https://target.scene7.com/is/image/Target/GUEST_7c18903f-3ce7-4b0b-9c31-dfc04b09f549?wid=1200&hei=1200&qlt=80,94978096,852089007506,071-08-1222,97,12,48,24,1.89
MOSH Peanut Butter Cup High Protein Bars with Creatine - 20g Protein - 8.44oz/4ct,Dry Grocery,https://target.scene7.com/is/image/Target/GUEST_e9f306d9-48d1-4065-97e1-ea228e40df5d?wid=1200&hei=1200&qlt=80,95025079,850025850681,071-20-2170,12,3,12,8,10.99
Fresh Blackberries - 6oz,Produce,https://target.scene7.com/is/image/Target/GUEST_dbac3abc-50e5-4865-b2c3-f73ec9b337fc?wid=1200&hei=1200&qlt=80,26397639,492660842395,266-08-4239,45,18,18,12,2.99
Alani Nu Cotton Candy Energy Drink - 12 fl oz: Sugar-Free Vegan,Dry Grocery,https://target.scene7.com/is/image/Target/GUEST_c1881abf-9cb9-4ec0-81ab-3885df8be471?wid=1200&hei=1200&qlt=80,94607786,810030519171,271-55-0018,95,46,52,12,2.69
Doritos Nacho Cheese Tortilla Chips - 9.25oz,Dry Grocery,https://target.scene7.com/is/image/Target/GUEST_bf0ff5de-e003-4c8b-840f-85d39cb32575?wid=1200&hei=1200&qlt=80,14930889,028400516464,071-05-0461,148,72,72,12,4.59
Chobani Sweet Cream Dairy Creamer - 24 fl oz: 10% Milk Fat Cow Milk Source,Dairy,https://target.scene7.com/is/image/Target/GUEST_e3e90f11-0957-49e7-a631-a7a37731d57a?wid=1200&hei=1200&qlt=80,84086704,818290016928,284-05-3347,16,7,12,6,5.99
Golden Sweet Whole Kernel Corn - 15.25oz - Good & Gather,Dry Grocery,https://target.scene7.com/is/image/Target/GUEST_56692ce6-a327-4b4b-b866-cdb7fc75212c?wid=1200&hei=1200&qlt=80,79466788,085239116241,212-12-0777,101,14,48,24,0.89
Fresh Baby-Cut Carrots - 1lb - Good & Gather,Produce,https://target.scene7.com/is/image/Target/GUEST_abaa4c53-5fd7-4a83-8275-e21fa71e5e16?wid=1200&hei=1200&qlt=80,54556735,085239051368,211-15-0017,28,6,10,12,1.39
Fresh Baby-Cut Carrots - 2lb - Good & Gather,Produce,https://target.scene7.com/is/image/Target/GUEST_af07c611-89d5-455b-aab9-2b919726fa20?wid=1200&hei=1200&qlt=80,54562779,085239049822,211-15-0018,15,1,8,6,2.69
Fresh Organic Gala Apples - 2lbs Bag - Good & Gather,Produce,https://target.scene7.com/is/image/Target/GUEST_687055d3-924f-4b3b-bf2d-1dfcb0488fa7?wid=1200&hei=1200&qlt=80,85787732,085239317228,266-05-0045,4,0,24,12,4.99
93/7 All Ground Turkey - 16oz - Good & Gather: Lean High Protein Gluten-Free,Meat,https://target.scene7.com/is/image/Target/GUEST_7b65bff3-d14c-46c6-a624-09cec8ffa795?wid=1200&hei=1200&qlt=80,79853412,085239108598,268-05-0180,52,9,18,12,5.29
LesserEvil Spaceballs Real Cheese Snack Pack Puffs - 6oz/10ct,Dry Grocery,https://target.scene7.com/is/image/Target/GUEST_e060baf9-3f4e-475b-ba60-5e38e2b2f3ef?wid=1200&hei=1200&qlt=80,94940289,810197740043,071-06-2338,18,3,8,8,8.49
Hillshire Snacking Small Plates Genoa Salami and White Cheddar Cheese - 2.76oz,Deli,https://target.scene7.com/is/image/Target/GUEST_b880544b-2079-46b5-ba13-bc539086f3f5?wid=1200&hei=1200&qlt=80,15842318,044500201819,210-11-0127,134,37,48,24,2.99
Fresh Sweet Potato - each,Produce,https://target.scene7.com/is/image/Target/GUEST_86ede766-96f6-4652-9d40-4b9fe2f2e577?wid=1200&hei=1200&qlt=80,14919726,204091000004,211-17-9091,128,36,50,32,1.59
Unsalted Butter - 16oz/4ct - Good & Gather,Dairy,https://target.scene7.com/is/image/Target/GUEST_7851fc76-f9c1-49e8-b9c3-290d7c0521b4?wid=1200&hei=1200&qlt=80,54446566,085239334324,284-12-0062,29,11,36,12,3.19
Simply Lemonade - 52 fl oz: Low Sodium No Artificial Flavors,Dairy,https://target.scene7.com/is/image/Target/GUEST_7daddf76-03cc-4f19-af0a-1c0fdccc849b?wid=1200&hei=1200&qlt=80,13183166,025000044984,284-04-0314,49,0,24,6,2.99
Fresh Organic Carrots - 1lb - Good & Gather,Produce,https://target.scene7.com/is/image/Target/GUEST_4ec496c7-7c09-411f-a0a3-cf516e5a17ce?wid=1200&hei=1200&qlt=80,85760297,071464022488,211-15-0012,37,11,12,8,1.39
Philadelphia Original Cream Cheese - 8oz,Dairy,https://target.scene7.com/is/image/Target/GUEST_f2e5ab69-03a0-4ea0-be8e-53861b4258f6?wid=1200&hei=1200&qlt=80,12958523,021000612239,284-14-0009,10,3,12,12,2.99
Philadelphia Reduced Fat Neufchatel Cheese - 8oz,Dairy,https://target.scene7.com/is/image/Target/GUEST_cdfeed4c-5df6-4eb1-be88-0183dd3b7952?wid=1200&hei=1200&qlt=80,12958524,021000612475,284-14-0010,19,0,12,12,2.99
Philadelphia Chive & Onion Cream Cheese Spread - 7.5oz,Dairy,https://target.scene7.com/is/image/Target/GUEST_3d6423a6-6f93-4da7-8fe5-eb8e9a8e8f06?wid=1200&hei=1200&qlt=80,12958526,021000007288,284-14-0012,45,12,12,12,3.49
Philadelphia Garden Vegetable Cream Cheese Spread - 7.5oz: No Artificial Flavors Colors Or Preservatives,Dairy,https://target.scene7.com/is/image/Target/GUEST_164b420b-7d9f-4432-a3f0-6bf4a1f8e9f3?wid=1200&hei=1200&qlt=80,12958565,021000007301,284-14-0032,20,4,12,12,3.49
Philadelphia Honey Pecan Cream Cheese Spread - 7.5oz: No Artificial Flavors Cow Milk,Dairy,https://target.scene7.com/is/image/Target/GUEST_7013edfe-4898-40b2-8993-7c01ad41a4b5?wid=1200&hei=1200&qlt=80,12958211,021000007295,284-14-0020,46,5,12,12,3.99
Fresh Premium Grape Tomatoes - 10oz - Good & Gather,Produce,https://target.scene7.com/is/image/Target/GUEST_a1e0bcf7-51b3-4733-ae91-ba70101861f0?wid=1200&hei=1200&qlt=80,82667184,085239325094,211-12-0056,15,6,12,8,2.59
Fresh Honeycrisp Apple - each,Produce,https://target.scene7.com/is/image/Target/GUEST_bc1ff7bf-9921-4ea6-b5cc-cf155b4062f5?wid=1200&hei=1200&qlt=80,31167786,205195000006,266-05-4195,85,48,48,24,1.89
Starbucks Refreshers ,Dry Grocery,https://target.scene7.com/is/image/Target/GUEST_40762c3c-d9ae-47ab-af6e-95a4f9b3ca85?wid=1200&hei=1200&qlt=80,94892782,762111619129,231-10-0141,28,8,8,6,10.29
Fresh Limes - 1lb Bag - Good & Gather,Produce,https://target.scene7.com/is/image/Target/GUEST_69b4406f-882f-424e-a5f1-49a5015d1b8b?wid=1200&hei=1200&qlt=80,84004243,085239227268,266-01-0020,16,3,12,8,3.19
Fresh Organic Green Onion Bunch - 4.5oz,Produce,https://target.scene7.com/is/image/Target/GUEST_282a5e95-3404-4ecd-9dcd-936de7378989?wid=1200&hei=1200&qlt=80,85852159,740695904039,211-21-0156,23,15,24,24,1.99
Dave's Killer Bread Amped-Up Blueberry Almond Butter Protein Bar - 7.6oz/4ct,Dry Grocery,https://target.scene7.com/is/image/Target/GUEST_95475e7c-aeed-4bbe-9e6d-ce257e8022c6?wid=1200&hei=1200&qlt=80,94911097,013764001336,071-20-0444,35,3,12,6,6.99
Lipton Black Tea Bags - 100ct: Caffeinated Rainforest Alliance Certified,Dry Grocery,https://target.scene7.com/is/image/Target/GUEST_5640b8ac-d118-466a-963f-a285fc1c8264?wid=1200&hei=1200&qlt=80,13010225,794522004423,231-15-0147,9,1,10,8,4.99
Lipton Unsweetened Iced Tea Mix - 2.6oz: Caffeinated,Dry Grocery,https://target.scene7.com/is/image/Target/GUEST_8f87d277-334e-4906-91ae-8aa5bca7c55f?wid=1200&hei=1200&qlt=80,94582269,794522732371,231-15-1127,18,12,12,6,6.29
Pepsi Cola Soda - 12pk/12 fl oz Cans,Dry Grocery,https://target.scene7.com/is/image/Target/GUEST_6b8191c4-2e8e-4487-8a65-f752a4d01fc1?wid=1200&hei=1200&qlt=80,13044177,012000809941,271-20-0269,98,98,120,3,8.39
Sea Salt Veggie Straws Potato & Vegetable Snack Multipack - 12ct/.75oz - Good & Gather,Dry Grocery,https://target.scene7.com/is/image/Target/GUEST_e0fbcd99-1385-48c4-b388-fe784663bb93?wid=1200&hei=1200&qlt=80,87477518,085239993354,071-06-1371,19,7,8,6,7.39
Frozen Broccoli Florets - 12oz - Good & Gather,Frozen,https://target.scene7.com/is/image/Target/GUEST_3637a3d1-5ca2-49e8-b8bf-9cbc5a0ada26?wid=1200&hei=1200&qlt=80,79397039,085239931240,270-00-0669,72,11,20,18,1.29
Daisy Squeeze Sour Cream - 14oz: Low Fat Cow Milk Source,Dairy,https://target.scene7.com/is/image/Target/GUEST_1b9b2120-6b05-432f-b7ce-370ea3ee47b4?wid=1200&hei=1200&qlt=80,47942184,073420016142,284-09-0327,27,7,8,12,3.19
Cheez-It Original Baked Snack Crackers - 12.4oz,Dry Grocery,https://target.scene7.com/is/image/Target/GUEST_cd80a2d0-439f-4f7c-97cb-11c1ac07c377?wid=1200&hei=1200&qlt=80,13009781,024100106851,071-10-0191,61,8,24,12,3.99
Fresh White Onion - each,Produce,https://target.scene7.com/is/image/Target/GUEST_5d908f32-b2f6-4bc9-9156-1c8a7c1df9c5?wid=1200&hei=1200&qlt=80,14917361,204663000005,211-17-4660,67,44,48,24,1.39
Nescafe Gold Blonde Espresso Roast Instant Coffee - 3.5oz: Arabica Beans Limited Ingredients,Dry Grocery,https://target.scene7.com/is/image/Target/GUEST_ab6b8dda-45ee-4b75-93d1-adf7942ee199?wid=1200&hei=1200&qlt=80,90332876,028000192174,231-10-3205,18,7,8,6,10.79
Organic Whole Milk - 0.5gal - Good & Gather,Dairy,https://target.scene7.com/is/image/Target/GUEST_6b8e2932-6684-4d0c-b2a1-4b6b231c82f6?wid=1200&hei=1200&qlt=80,54575911,085239042984,284-06-0355,9,2,20,6,3.99
Organic Skim Milk - 0.5gal - Good & Gather: No Added Antibiotics,Dairy,https://target.scene7.com/is/image/Target/GUEST_9e81b2d8-86a4-4c82-ad88-d3488e0ad808?wid=1200&hei=1200&qlt=80,54575881,085239042946,284-06-0351,12,4,10,6,3.99
Organic 1% Milk - 0.5gal - Good & Gather: No Added Antibiotics,Dairy,https://target.scene7.com/is/image/Target/GUEST_56d932d7-8dc3-43e6-82a5-7333a46a144f?wid=1200&hei=1200&qlt=80,54575902,085239042953,284-06-0352,30,3,20,6,3.99
Organic 2% Reduced Fat Milk - 0.5gal - Good & Gather,Dairy,https://target.scene7.com/is/image/Target/GUEST_f07361ea-f3a9-4b69-8bfb-667b05293ea4?wid=1200&hei=1200&qlt=80,54575901,085239042960,284-06-0353,38,17,20,6,3.99
Organic 2% Reduced Fat Milk - 1gal - Good & Gather,Dairy,https://target.scene7.com/is/image/Target/GUEST_eeb85997-d2e5-4d5d-93c7-5850b23a99e6?wid=1200&hei=1200&qlt=80,93169198,191907982251,284-06-0187,37,4,16,4,8.49
Organic Whole Milk - 1gal - Good & Gather,Dairy,https://target.scene7.com/is/image/Target/GUEST_22d5a475-d231-4f95-8379-a48723267add?wid=1200&hei=1200&qlt=80,93169091,191907982268,284-06-0180,17,9,16,4,8.49
Oatly Original Oatmilk Chilled Non-Dairy Milk - 64 fl oz,Dairy,https://target.scene7.com/is/image/Target/GUEST_6bfe72e5-2f29-4675-acf8-95a38736ba12?wid=1200&hei=1200&qlt=80,53328399,190646641016,284-06-0272,30,6,12,6,5.39
Oreo Chocolate Sandwich Cookies Size - 18.12oz,Dry Grocery,https://target.scene7.com/is/image/Target/GUEST_f1e90fcb-7d6a-4120-8ff6-006e3b5a9298?wid=1200&hei=1200&qlt=80,87471453,044000060237,071-09-0718,44,18,48,12,5.39
Pirate's Booty Aged White Cheddar Cheese Puffs Snack Multipack - 5oz/10pk,Dry Grocery,https://target.scene7.com/is/image/Target/GUEST_c6787b48-07bc-400a-98c7-cdb758eb1ce9?wid=1200&hei=1200&qlt=80,93657462,015665000616,071-06-1612,11,1,4,4,6.99
Rao's Homemade Marinara Sauce Premium Quality All Natural Tomato Sauce & Pasta Sauce Keto Friendly & Carb Conscious - 24oz,Dry Grocery,https://target.scene7.com/is/image/Target/GUEST_3e8fd977-2095-4b63-9740-eaf14fa0d41b?wid=1200&hei=1200&qlt=80,13349580,747479000079,212-40-0198,84,6,48,12,7.59
Fresh Steam-in-Bag Spinach - 9oz - Good & Gather,Produce,https://target.scene7.com/is/image/Target/GUEST_6f851f46-d77d-4a51-8e69-b3c9446cefa4?wid=1200&hei=1200&qlt=80,54555623,085239049129,211-03-0304,27,5,10,8,1.99
Fresh Shredded Iceberg Lettuce - 8oz - Good & Gather,Produce,https://target.scene7.com/is/image/Target/GUEST_c3f3e59d-9fc9-443f-8f77-32bf660758e7?wid=1200&hei=1200&qlt=80,54557969,085239049273,211-03-0319,19,9,12,8,1.99